,ランク,商品名,金額
0,1,ポイント10倍 送料無料 敬老の日 クッキー ギフト プレゼント スイーツ ヨックモック お供えYCE-30 サンク デリス(5種51個入り）洋菓子 手土産 個包装 内祝い 焼き菓子 お祝い お返し 詰め合わせ お取り寄せ 缶 結婚祝い 誕生日 お菓子 チョコ 退職 のし ハロウィン,3240
1,2,パティスリー キハチ 御歳暮 敬老の日 敬老 敬老の日ギフト 敬老ギフト 贈り物 送料無料 お菓子 御菓子 内祝い お菓子 内祝い 手土産 お菓子 手土産 焼菓子ギフト 8種15個入百貨店でも人気！食べ物 誕生日 高級 40代 50代 60代 70代 80代 90代,3240
2,3,[期間限定 ポイント10倍 送料無料] フルートジェリー 9本入 千疋屋総本店,3564
3,4,【P2倍】 敬老の日 ギフト 財宝 プレミアム プリン 送料無料 選べる6種 6個入 (スペシャル/抹茶/ショコラ/チーズ/紅はるか/きなこ)[ギフト おもてなし とろふわ とろとろ ふわとろ 人気 洋菓子 ランキング 1位 スイーツ],2680
4,5,【送料込】ワッフルケーキ10個入り スイーツ 送料無料 お菓子 おしゃれ 洋菓子 ギフト お取り寄せスイーツ ケーキ 冷凍 退職 お礼 出産内祝い 出産 お祝い返し 内祝い お返し 誕生日 プレゼント 手土産 お彼岸 お供え お菓子 熨斗 詰め合わせ 敬老の日 ハロウィン,2500
5,6,敬老の日 お菓子 ギフト プレゼント スイーツ ヨックモック お供えYCG-B シガール（14本入り）洋菓子 手土産 個包装 内祝い 焼き菓子 お祝い お返し 詰め合わせ お取り寄せ 缶 結婚祝い 誕生日 クッキー チョコ ご挨拶 退職 のし 古稀祝い ハロウィン お歳暮 人気,972
6,7,9/4〜何度も使える最大1000円クーポン 送料無料 福袋 オリヒロ ぷるんと蒟蒻ゼリー 6種 28本セット おまけ 2個 orihiro こんにゃくゼリー ゼリー ゼリー飲料 詰め合わせ ギフト 敬老の日,2980
7,8,敬老の日 敬老 敬老の日ギフト 敬老ギフト 贈り物 ギフト プレゼント 内祝い お返し 健康ギフト ヘルシー ギフトセット 送料無料 お祝い スイーツ お取り寄せわかやまポンチ6個入 日本ギフト大賞受賞！和歌山県認定フルーツゼリー,3499
8,9,敬老の日 早割 スイーツ プレゼント ギフト お菓子 健康 孫 誕生日プレゼント 内祝い セット 詰め合わせ おしゃれ お取り寄せ 母 女友達 女性 あす楽【ヘルシースイーツアソート 8個入】,3980
9,10,銀座千疋屋 銀座プリン 詰め合わせ 4種 計8個 SK1232 ギフト 千疋屋 プリン 洋菓子 高級 お取り寄せ フルーツ セット 瓶 冷凍 スイーツ お菓子 箱入り 手土産 贈答品 内祝い お返し 出産祝い 結婚祝い 贈り物 誕生日 プレゼント 果物 送料無料 敬老の日 2021 個包装,5400
10,11,敬老の日 お菓子 ギフト プレゼント スイーツ ヨックモック お供えYCE-20 プティ サンク デリス（5種31個入り）洋菓子 手土産 個包装 内祝い 焼き菓子 お祝い お返し 詰め合わせ お取り寄せ 缶 結婚祝い 誕生日 クッキー チョコ ご挨拶 退職 のし ハロウィン 人気,2160
11,12,送料無料 敬老の日 ギフト スイーツ 詰め合わせ お菓子 ヨックモック 洋菓子YCE-40 サンク デリス（5種66個入り）手土産 個包装 内祝い 焼き菓子 お祝い お返し プレゼント お取り寄せ 缶 結婚祝い 誕生日 クッキー チョコ ご挨拶 のし ハロウィン お歳暮 退職,4320
12,13,安納芋トリュフチョコレート15個入 スイーツ ギフト のし 送料無料 人気 チョコレート 内祝 誕生日 出産 結婚 お菓子 洋菓子 和菓子 お土産 敬老の日,4680
13,14,敬老の日 ハロウィン スイーツ ギフト 詰め合わせ ヨックモック お菓子 洋菓子YCG-DHW ハロウィン シガール（20本入り）手土産 個包装 内祝い 焼き菓子 お祝い お返し 詰め合わせ お取り寄せ 缶 誕生日 クッキー チョコ プレゼント のし お彼岸 退職 菓子折り 人気,1620
14,15,銀座千疋屋 銀座 フルーツコンポート 6種類 6個 SK169 千疋屋 フルーツ 果物 スイーツ 詰め合わせ 洋菓子 プレゼント 食べ物 お取り寄せ 特産 手土産 おしゃれ 日持ち お祝い 贈答品 内祝い お返し 出産 結婚 快気 誕生日 贈り物 孫 ギフト 送料無料 敬老の日 2021 個包装,5400
15,16,送料無料 人気 お取り寄せ スイーツ 天空のプリン アソート 濃厚 最高級 プリン 敬老の日 残暑お見舞い 誕生日 ギフト 金箔 洋菓子 お菓子,2980
16,17,敬老の日 お菓子 ギフト プレゼント スイーツ ヨックモック お供えYCG-D シガール（20本入り）洋菓子 手土産 個包装 内祝い 焼き菓子 お祝い お返し 詰め合わせ お取り寄せ 缶 結婚祝い 誕生日 クッキー チョコ ご挨拶 退職 のし 古稀祝い ハロウィン お歳暮 人気,1458
17,18,送料無料 銀座千疋屋特選 デラックスゼリー詰合せ : 千疋屋 ゼリー ギフト 内祝い 敬老の日,5400
18,19,＼早割ラスト★6日まで！／ 敬老の日 プレゼント 敬老の日ギフト 花 プリザーブドフラワー アレンジメント バラ 送料無料 敬老の日プレゼント スイーツ お菓子 ギフト【静岡 AA】,2908
19,20,敬老の日 スイーツ プレゼント ギフト お菓子 健康 孫 誕生日プレゼント 内祝い セット 詰め合わせ おしゃれ お取り寄せ 母 女友達 女性 あす楽【ヘルシースイーツアソート 12個入】,4980
20,21,敬老の日 スイーツ ギフト 詰め合わせ 内祝い お礼 お祝い お返し 誕生日 お供え プレゼント高級風呂敷付きスイートポテト5個と加賀プリン6個のセット coolプリン 和菓子,3680
21,22,【TV紹介】敬老の日 ギフト スイーツ プレゼント 誕生日プレゼント おしゃれ 生チーズケーキ 詰め合わせ 8個 プリン ケーキ 健康スイーツ お取り寄せ 洋菓子 健康 フルーツ プチギフト 結婚式 挨拶 お土産 出産祝 退職祝 お返し 御礼 内祝 送料無料 残暑見舞い あす楽,3980
22,23,【送料込】お取り寄せワッフル&くるくるワッフルセット スイーツ 退職 お礼 お菓子 産休 ギフト プレゼント | お返し お祝い返し ワッフル ケーキ ワッフルケーキ 内祝い 出産内祝い おしゃれ 誕生日 洋菓子 詰め合わせ お取り寄せ 挨拶 お彼岸 お供え 敬老の日 手土産,3240
23,24,お中元 お菓子秋の味覚をほっくり楽しむ3種のとろけるプリンセット！【数量・季節限定】秋のスイーツセット【ネット限定 内祝い お取り寄せスイーツ 洋菓子 】,2516
24,25,送料無料 敬老の日 お菓子 ギフト プレゼント スイーツ ヨックモック お供えYOLR-30NV ガトー ヌーヴォー（5種43個入り）洋菓子 手土産 個包装 内祝い 焼き菓子 お祝い お返し 詰め合わせ お取り寄せ 缶 結婚祝い 誕生日 クッキー チョコ ご挨拶 退職 ハロウィン,3240
25,26,お中元 千疋屋 プリン パティスリー銀座千疋屋 ギフト Gift 贈り物 送料無料 銀座プリン詰合せ,5400
26,27,送料無料 銀座千疋屋特選 銀座フルーツジュレ : 千疋屋 お菓子 ギフト 内祝い 敬老の日,5400
27,28,送料無料 敬老の日 ギフト スイーツ お菓子 ヨックモック 詰め合わせYCE-50 グラン サンク デリス(5種83個入り）洋菓子 手土産 個包装 内祝い 焼き菓子 お祝い お返し プレゼント お取り寄せ 缶 結婚祝い 誕生日 クッキー チョコ ご挨拶 ハロウィン 退職 人気 のし,5400
28,29,期間限定・送料無料 フルートジェリー 16本入 千疋屋総本店,5940
29,30,敬老の日 ギフト プレゼント 送料無料 おしゃれ 生チーズケーキ 詰め合わせ 12個入 プリン ケーキ 健康スイーツお取り寄せ スイーツ お菓子 誕生日 内祝 健康 フルーツ プチギフト 結婚式 ご挨拶 お土産 出産祝 退職祝 お返し 御礼 残暑見舞い ギフト あす楽,4980
